date;trend;replies;likes;caption
2/23/21, 10:27 AM;;0;0;$HNNMY NEW ARTICLE : H&M, IKEA and Stora Enso backed TreeToTextile builds sustainable fibre demo plant stck.pro/news/HNNMY
2/22/21, 01:06 AM;;0;1;$HNNMY will this summer be booming enough for the clothing stores, or will $AMZN keep it going??? Looking for ways to spend my upcoming profit from $GDET ðŸ¤™ðŸ»ðŸ’°ðŸ¤™ðŸ»ðŸ’°
2/17/21, 06:27 PM;;0;0;$HNNMY NEW ARTICLE : Uniqlo Intends To Become The World's Top Fashion Retailer By Distancing From H&M And Zara stck.pro/news/HNNMY
2/4/21, 05:01 PM;;0;0;$HNNMY NEW ARTICLE : H&M partners with Lee for sustainable denim stck.pro/news/HNNMY
2/3/21, 10:16 PM;;0;0;H & M Hennes & Mauritz AB (publ)'s underweight rating reiterated at Morgan Stanley. marketbeat.com/stocks/OTCMK... $HNNMY
1/29/21, 07:13 PM;Bullish;0;0;$HNNMY great quality cheap prices products... online sales will pick up! this is gna grow
1/29/21, 01:31 PM;;0;0;$HNNMY NEW ARTICLE : Survival Of The Fittest And Fastest - Profits Fall By 88% At H&M stck.pro/news/HNNMY
1/28/21, 09:09 PM;Bullish;0;0;"$HNNMY Stock tip... 
                  FTFT: China/Fintech/cryptocurrency play. $4 a share
                                      DISRUPTIVE TECHNOLOGY                                 
-1/11/21 FTFT announces unique mBTC technology to track lost/stolen Bitcoins. Expect deals w/PayPal type apps/e-commerce planning to add Bitcoin. Will give customers added security. 
-Launching payment app out of Asia w/their Bitcoin security
-10 approved blockchain security patents in China. Any e-commerce business accepting cryptocurrency will have to do a deal w/FTFT =24 trillion market per ARK Financial
-Fintech offices in tax free HK, Singapore, Dominican Republic to protect tax free Bitcoins off-shore, Bitcoin Atms
-Up 250% on blockchain security patents 2 weeks ago and pulled back on public offering at $5 and Bitcoin drop - oversold. Fidelity bought 1/20/21
prnewswire.com/news-release..."
1/27/21, 10:20 PM;;0;0;H & M Hennes & Mauritz AB (publ)'s underperform rating reiterated at Credit Suisse Group AG. marketbeat.com/stocks/OTCMK... $HNNMY
1/27/21, 08:50 PM;Bullish;0;0;$HNNMY 7!!!!!!!!!!!!!!!!!!!!!!!!
1/27/21, 08:49 PM;Bullish;0;0;$HNNMY CHEAP STOCK AND ITS GOING ONLINE ONLINE SALES WILL GO THRU THE ROOF
1/27/21, 11:17 AM;;0;0;$HNNMY NEW ARTICLE : H&M is one of fashion's biggest polluters. Now its foundation is on a $100 million quest to save the planet stck.pro/news/HNNMY
1/26/21, 04:30 PM;Bullish;0;0;$HNNMY i lov to shop here clothing is nice and also cheap... there stock also seems cheap! holding long in case their online business picks up
1/13/21, 02:43 PM;;0;0;$HNNMY - What is better HENNES MAURITZâ€¦ macroaxis.com/competition/H... #portfolio_prospective #better_portfolio #diversify
1/1/21, 09:24 AM;;0;0;$HNNMY - Strong price overlap is detected against MESA Adaptive Moving Average indicator macroaxis.com/invest/Overla...
12/9/20, 06:27 PM;;0;0;$HNNMY NEW ARTICLE : Swedish equality ombudsman launches discrimination probe into H&M after media report stck.pro/news/HNNMY
11/2/20, 03:36 AM;;0;0;$HNNMY - Should I keep both HENNESâ€¦ macroaxis.com/invest/pair-c... #portfolio_prospective #better_portfolio #diversify
10/29/20, 04:03 PM;;0;0;$HNNMY NEW ARTICLE : H&M Integrates Conversational Commerce With Virtual And Live Chat Applications stck.pro/news/HNNMY
10/16/20, 01:17 AM;;0;0;$HNNMY NEW ARTICLE : China's turbo-charged online fashion takes on Zara and H&M stck.pro/news/HNNMY
10/13/20, 06:23 PM;;0;0;$HNNMY NEW ARTICLE : H&M And IKEA Want Your Old Stuff Back, Hereâ€™s Why stck.pro/news/HNNMY
10/8/20, 01:13 PM;;0;1;$HNNMY NEW ARTICLE : H&M will turn your ratty old T-shirt into a brand new sweater stck.pro/news/HNNMY
10/5/20, 04:13 PM;;0;0;$HNNMY NEW ARTICLE : H&M fined $41M for tracking workersâ€™ personal lives using company database stck.pro/news/HNNMY
10/1/20, 08:21 PM;;0;0;$HNNMY NEW ARTICLE : H&M Plans to Close 5% of Stores Next Year in Online Shift stck.pro/news/HNNMY
10/1/20, 07:27 PM;;0;0;$HNNMY NEW ARTICLE : Even H&M is closing stores as the list of fast-fashion retailers stung by COVID grows stck.pro/news/HNNMY
10/1/20, 04:15 PM;;0;0;$HNNMY NEW ARTICLE : H&M is closing 250 stores stck.pro/news/HNNMY
10/1/20, 03:13 PM;;0;0;$HNNMY NEW ARTICLE : H&M to get rid of 250 stores as it leans towards online shopping stck.pro/news/HNNMY
10/1/20, 01:58 PM;;0;0;$HNNMY H&M posts nice 3rd quarter gains and says the worst is behind them marketblips.com/symbol/hnnm...
10/1/20, 11:55 AM;;0;0;$HNNMY NEW ARTICLE : H&M tops estimates for earnings in the fiscal third quarter stck.pro/news/HNNMY/8141108
10/1/20, 10:30 AM;;0;0;Low-cost fashion chain H&M sees sales 16% drop due to virus $HNNMY #HNNMY marketbeat.com/articles/low...
10/1/20, 10:14 AM;;0;0;$HNNMY NEW ARTICLE : Hennes & Mauritz reports Q3 results stck.pro/news/HNNMY
10/1/20, 09:33 AM;;0;0;$HNNMY NEW ARTICLE : H&M profit tops forecast as recovery gathers strength stck.pro/news/HNNMY
9/30/20, 06:08 AM;;0;0;ARKET trademark filing by H & M Hennes & Mauritz AB uspto.report/TM/90210657 #ARKET $HNNMY
9/17/20, 09:53 PM;;0;0;$HNNMY NEW ARTICLE : H&M USA Launches Limited-Edition Artist Collection In Celebration Of National Voter Registration Day stck.pro/news/HNNMY
9/16/20, 11:02 PM;;0;0;HENNES & MAURIT/ADR's buy rating reiterated at Citigroup Inc. marketbeat.com/stocks/OTCMK... $HNNMY
9/16/20, 08:13 PM;;0;0;HENNES & MAURIT/ADR's sector perform rating reiterated at Royal Bank of Canada. marketbeat.com/stocks/OTCMK... $HNNMY
9/16/20, 01:33 PM;;0;0;HENNES & MAURIT/ADR upgraded by Nordea Equity Research to buy. marketbeat.com/stocks/OTCMK... $HNNMY
9/15/20, 04:50 PM;;0;0;H&M Shares Rise 12% After Beating #Earnings Forecasts $HNNMY talkmarkets.com/content/sto...
9/15/20, 01:04 PM;;0;0;$HNNMY NEW ARTICLE : Hennes & Mauritz +12% after strong recovery in FQ3 stck.pro/news/HNNMY
9/15/20, 08:43 AM;;0;0;$HNNMY NEW ARTICLE : H&M reports preliminary June-August profit of around 2 billion SEK stck.pro/news/HNNMY
9/14/20, 01:33 PM;;0;0;HENNES & MAURIT/ADR downgraded by Morgan Stanley to underweight. marketbeat.com/stocks/OTCMK... $HNNMY
9/13/20, 11:57 PM;;0;0;$HNNMY - HENNES MAURITZ isâ€¦ macroaxis.com/invest/compet... #portfolio_prospective #better_portfolio #diversify
9/10/20, 03:32 PM;;0;0;$HNNMY NEW ARTICLE : H&M'S Fall Fashion 2020 Collection Showcases The Beauty Of Recycled Materials stck.pro/news/HNNMY
9/7/20, 10:21 PM;;0;0;$HNNMY NEW ARTICLE : Worldwide Apparel and Leather Products Industry to 2030 - Featuring Nike, Christian Dior and H&M Among Others stck.pro/news/HNNMY
9/3/20, 03:15 PM;;0;0;$HNNMY NEW ARTICLE : H&M And Italian Brand Giuliva Heritage Collaborate On A Collection Of Timeless Pieces With Sustainability As A Focus stck.pro/news/HNNMY
8/6/20, 06:23 PM;;0;0;$HNNMY NEW ARTICLE : Fashion giant H&M suspends employees over use of racial slur stck.pro/news/HNNMY
7/11/20, 06:11 AM;;0;0;HENNES & MAURIT/ADR upgraded by ValuEngine to buy. marketbeat.com/stocks/OTCMK... $HNNMY
7/1/20, 08:38 PM;;0;0;HENNES & MAURIT/ADR's underperform rating reiterated at Credit Suisse Group AG. marketbeat.com/stocks/OTCMK... $HNNMY
6/30/20, 08:44 PM;;0;0;HENNES & MAURIT/ADR's neutral rating reiterated at UBS Group AG. marketbeat.com/stocks/OTCMK... $HNNMY
6/29/20, 05:33 PM;;0;0;$HNNMY NEW ARTICLE : H&M's online second-hand shop Sellpy launches in Germany stck.pro/news/HNNMY
6/26/20, 04:11 PM;;0;0;$HNNMY NEW ARTICLE : H&M swings to a Â£561.94 million loss as COVID-19 shuts stores in the second quarter stck.pro/news.php?ticker=HNNMY
6/26/20, 01:24 PM;;0;0;$HNNMY NEW ARTICLE : H&M: What Is Clothing Retailer's Approach to Re-Opening Stores stck.pro/news.php?ticker=HNNMY
6/26/20, 12:42 PM;;0;0;$HNNMY NEW ARTICLE : H&M Hennes & Mauritz expects net stores to decline around 40 in FY2020 stck.pro/news.php?ticker=HNNMY
6/26/20, 12:40 PM;;0;0;"$HNNMY H&M Hennes & Mauritz expects net stores to decline around 40 in FY2020 

newsfilter.io/a/a7d24a04092..."
6/26/20, 11:54 AM;;0;0;"$HNNMY NEW ARTICLE : Hennes &amp; Mauritz reports Q2 results stck.pro/news.php?ticker=HNNMY"
6/26/20, 11:53 AM;;0;0;"$HNNMY Hennes & Mauritz reports Q2 results 

newsfilter.io/a/fcd3f170a60..."
6/24/20, 10:34 PM;;0;0;Peru giving up on virus measures in face of sinking economy $HNNMY #HNNMY marketbeat.com/articles/per...
6/15/20, 02:31 PM;;0;0;$HNNMY NEW ARTICLE : H&M records a 50% decline in quarterly sales due to Coronavirus restrictions stck.pro/news.php?ticker=HNNMY
6/15/20, 01:17 PM;;0;0;$HNNMY NEW ARTICLE : H&M -2% after sales update stck.pro/news.php?ticker=HNNMY
6/15/20, 01:16 PM;;0;0;"$HNNMY H&M -2% after sales update 

newsfilter.io/a/71010047334..."
6/15/20, 10:43 AM;;0;0;$HNNMY NEW ARTICLE : H&M says recovery uneven after March-May sales tumble 50% stck.pro/news.php?ticker=HNNMY
6/15/20, 09:11 AM;;0;0;$HNNMY NEW ARTICLE : H&M's March-May sales tumble by less than expected 50% stck.pro/news.php?ticker=HNNMY
6/2/20, 08:01 PM;;0;0;$HNNMY NEW ARTICLE : H&M temporarily shutters some stores over George Floyd protests dashboard.stck.pro/news.php...
5/27/20, 11:23 AM;;0;0;$HNNMY NEW ARTICLE : H&M sees furloughed HQ staff returning to work in July dashboard.stck.pro/news.php...
5/27/20, 10:19 AM;;0;0;$HNNMY NEW ARTICLE : H&M set to cancel furloughs for 2,500 at Stockholm headquarters dashboard.stck.pro/news.php...
5/12/20, 03:15 PM;;0;0;$HNNMY NEW ARTICLE : H&M and Footlocker are overhauling how you stand in line dashboard.stck.pro/news.php... Get all the latest $HNNMY related news here : dashboard.stck.pro/news.php...
5/12/20, 01:31 PM;;0;0;HENNES & MAURIT/ADR downgraded by AlphaValue to reduce. marketbeat.com/stocks/OTCMK... $HNNMY
5/12/20, 01:30 PM;;0;0;HENNES & MAURIT/ADR upgraded by Morgan Stanley to equal weight. marketbeat.com/stocks/OTCMK... $HNNMY
5/11/20, 02:37 AM;;0;0;HENNES & MAURIT/ADR downgraded by Goldman Sachs Group Inc to sell. marketbeat.com/stocks/OTCMK... $HNNMY
5/7/20, 12:43 PM;;0;0;$HNNMY NEW ARTICLE : H&M's sales tumble, stockpiles grow in March to May dashboard.stck.pro/news.php... Get all the latest $HNNMY related news here : dashboard.stck.pro/news.php...
5/7/20, 11:03 AM;;0;0;$HNNMY NEW ARTICLE : H&M sales fall 57% year-on-year in March through early May dashboard.stck.pro/news.php... Get all the latest $HNNMY related news here : dashboard.stck.pro/news.php...
5/3/20, 03:05 PM;;0;0;$HNNMY NEW ARTICLE : Cheap t-shirts and jeans are harming the planet. H&M and Levi's want to change that dashboard.stck.pro/news.php... Get all the latest $HNNMY related news here : dashboard.stck.pro/news.php...
4/28/20, 07:53 PM;;0;0;"$HNNMY H&M to close stores in Italy 

newsfilter.io/a/b5b76fecf34..."
4/28/20, 06:29 PM;;0;0;$HNNMY NEW ARTICLE : H&M set to permanently close eight shops in Italy dashboard.stck.pro/news.php... Get all the latest $HNNMY related news here : dashboard.stck.pro/news.php...
4/25/20, 09:41 PM;Bullish;1;1;$VET.X $HNNMY
4/17/20, 03:52 AM;;0;0;Bangladesh garment workers seek unpaid wages as orders stop $HNNMY #HNNMY marketbeat.com/articles/ban...
4/15/20, 05:45 PM;;0;0;$HNNMY NEW ARTICLE : Retailer H&M now producing protective aprons at supplier dashboard.stck.pro/news.php... Get all the latest $HNNMY related news here : dashboard.stck.pro/news.php...
4/15/20, 03:57 PM;;0;0;$HNNMY NEW ARTICLE : H&M starts protective apron production at supplier dashboard.stck.pro/news.php... Get all the latest $HNNMY related news here : dashboard.stck.pro/news.php...
4/8/20, 02:03 PM;;0;0;"$HNNMY H & M adds new â‚¬980M credit line 

newsfilter.io/a/4e4699a9d9e..."
4/8/20, 01:45 PM;;0;0;$HNNMY NEW ARTICLE : H&M borrows 980 million euros to boost liquidity buffer amid pandemic dashboard.stck.pro/news.php... Get all the latest $HNNMY related news here : dashboard.stck.pro/news.php...
4/3/20, 07:37 PM;;0;0;$HNNMY NEW ARTICLE : Clothing Giant H&M Is Making WHO-Approved Safety Masks dashboard.stck.pro/news.php... Get all the latest $HNNMY related news here : dashboard.stck.pro/news.php...
4/3/20, 01:08 PM;;0;0;"$HNNMY Hennes & Mauritz reports Q1 results 

newsfilter.io/a/1d4ebc350cd..."
4/3/20, 01:07 PM;;0;0;$HNNMY NEW ARTICLE : Hennes & Mauritz reports Q1 results dashboard.stck.pro/news.php... Get all the latest $HNNMY related news here : dashboard.stck.pro/news.php...
4/3/20, 12:33 PM;;0;0;$HNNMY NEW ARTICLE : H&M sees second-quarter loss, plans cost cuts as pandemic slams sales in March dashboard.stck.pro/news.php... Get all the latest $HNNMY related news here : dashboard.stck.pro/news.php...
4/3/20, 11:57 AM;;0;0;$HNNMY NEW ARTICLE : H&M Has Paused Purchasing Amid Virus Lockdown dashboard.stck.pro/news.php... Get all the latest $HNNMY related news here : dashboard.stck.pro/news.php...
4/3/20, 10:13 AM;;0;0;$HNNMY NEW ARTICLE : H&M sees second-quarter loss as pandemic slams sales in March dashboard.stck.pro/news.php... Get all the latest $HNNMY related news here : dashboard.stck.pro/news.php...
4/3/20, 08:49 AM;;0;0;$HNNMY NEW ARTICLE : Sweden's H&M sees second-quarter loss as pandemic slams March sales dashboard.stck.pro/news.php... Get all the latest $HNNMY related news here : dashboard.stck.pro/news.php...
4/3/20, 08:37 AM;;0;0;$HNNMY NEW ARTICLE : H&M's March sales tumble 46% as pandemic hits, sees Q2 loss dashboard.stck.pro/news.php... Get all the latest $HNNMY related news here : dashboard.stck.pro/news.php...
4/3/20, 05:31 AM;;0;0;"$HNNMY Earnings Call Tomorrow: 3:00 AM EST 
Analyst Rating: Buy 
Webcast: emea.directeventreg.com/reg..."
4/2/20, 12:49 PM;;0;0;$HNNMY NEW ARTICLE : H&M in talks with tens of thousands of staff to cut working hours due to pandemic dashboard.stck.pro/news.php... Get all the latest $HNNMY related news here : dashboard.stck.pro/news.php...
4/1/20, 04:57 PM;;0;0;$HNNMY NEW ARTICLE : H&M Will Honor Order Commitments Made to Suppliers Prior to Coronavirus Pandemic dashboard.stck.pro/news.php... Get all the latest $HNNMY related news here : dashboard.stck.pro/news.php...
3/30/20, 01:17 PM;;0;0;"$HNNMY NEW ARTICLE : Fast Fashion Leaders H&M And Zara; Weathering The Pandemic dashboard.stck.pro/news.php... Get all the latest $HNNMY related news here : dashboard.stck.pro/news.php..."
3/27/20, 07:15 PM;;0;0;Garment workers going unpaid as fashion labels cancel orders $HNNMY #HNNMY marketbeat.com/articles/gar...
3/27/20, 05:05 PM;;0;0;$HNNMY NEW ARTICLE : H&M starts protective face mask production at Chinese supplier dashboard.stck.pro/news.php... Get all the latest $HNNMY related news here : dashboard.stck.pro/news.php...
3/23/20, 03:07 PM;;0;0;$HNNMY NEW ARTICLE : Fashion retailer H&M weighs tens of thousands of job cuts because of coronavirus dashboard.stck.pro/news.php... Get all the latest $HNNMY related news here : dashboard.stck.pro/news.php...
3/23/20, 02:26 PM;;0;0;$HNNMY NEW ARTICLE : H&M -4% after scrapping dividend dashboard.stck.pro/news.php... Get all the latest $HNNMY related news here : dashboard.stck.pro/news.php...
3/23/20, 01:45 PM;;0;0;$HNNMY NEW ARTICLE : H&M scraps dividend due to coronavirus as all costs under review dashboard.stck.pro/news.php... Get all the latest $HNNMY related news here : dashboard.stck.pro/news.php...
3/19/20, 08:09 PM;;0;0;$HNNMY NEW ARTICLE : H&M issues notice of temporary lay-offs to 2,000 staff in Norway: DN dashboard.stck.pro/news.php... Get all the latest $HNNMY related news here : dashboard.stck.pro/news.php...
3/17/20, 07:17 PM;;0;0;$HNNMY NEW ARTICLE : H&M closes all stores in biggest markets Germany and the United States dashboard.stck.pro/news.php... Get all the latest $HNNMY related news here : dashboard.stck.pro/news.php...
3/6/20, 03:03 PM;;0;0;HENNES & MAURIT/ADR announces Annual dividend of $0.068.  Payable on 5/29/2020. 1.92% Yield.  marketbeat.com/stocks/OTCMK... $HNNMY
3/4/20, 06:01 PM;;0;0;$HNNMY NEW ARTICLE : H&M joins the â€˜open innovationâ€™ craze with a plan to share its production chain with rivals dashboard.stck.pro/news.php... Get all the latest $HNNMY related news here : dashboard.stck.pro/news.php...
2/27/20, 12:57 PM;;0;0;$HNNMY NEW ARTICLE : Hennes & Mauritz gets double-upgrade at JPMorgan Cazenove dashboard.stck.pro/news.php... Get all the latest $HNNMY related news here : dashboard.stck.pro/news.php...
2/14/20, 08:25 PM;;0;0;$HNNMY NEW ARTICLE : H&M becomes the latest fashion company to join the celebrity black designer trend dashboard.stck.pro/news.php... Get all the latest $HNNMY related news here : dashboard.stck.pro/news.php...
2/9/20, 02:57 PM;;0;0;$HNNMY - Latest headline from nasdaq.com/:â€¦ macroaxis.com/invest/market... #insidertrading #stocks #fintechnews
1/30/20, 02:29 AM;;0;0;"$HNNMY Earnings Call Tomorrow: 8:00 AM EST 
Analyst Rating: Buy 
Webcast: hmgroup.com/investors/repor..."
1/10/20, 01:09 PM;Bullish;0;0;$HNNMY $HNP $HNR $HNRG ......
1/8/20, 02:45 PM;;0;0;$HNNMY NEW ARTICLE : What The Gap Can Learn From H&Mâ€™s Recovery Story dashboard.stck.pro/news.php... Get all the latest $HNNMY related news here : dashboard.stck.pro/news.php...
12/31/19, 01:40 PM;;0;0;$LULU $HNNMY $WMT $SHOO $LEVI 25 sec ago: Fashion Industry's Strategic Shift Puts 4 Stocks on Top: The fashion industry is home to fast-moving and ground-breaking trends, most of which set the pace for years to c.. newsfilter.io/articles/fash...
12/26/19, 12:13 AM;;0;0;$HNNMY NEW ARTICLE : H&M Shows How a Brick-and-Mortar Business Can Adapt https://dashboard.stck.pro/news.php?ticker=HNNMY&rowid=3065730 Get all the latest $HNNMY related news here : dashboard.stck.pro/news.php...
12/16/19, 11:13 AM;;0;0;$HNNMY NEW ARTICLE : H&M's recovery continues as fourth quarter sales jump 9% dashboard.stck.pro/news.php... Get all the latest $HNNMY related news here : dashboard.stck.pro/news.php...
12/16/19, 09:09 AM;;0;0;$HNNMY NEW ARTICLE : H&M's sales grow 5% in fourth-quarter in local currencies dashboard.stck.pro/news.php... Get all the latest $HNNMY related news here : dashboard.stck.pro/news.php...
12/6/19, 03:05 PM;;0;0;$HNNMY NEW ARTICLE : Hereâ€™s Why H&M Is Testing Clothing Rentals In China dashboard.stck.pro/news.php... Get all the latest $HNNMY related news here : dashboard.stck.pro/news.php...
12/6/19, 12:53 PM;;0;0;$HNNMY NEW ARTICLE : H&M's brand COS to test clothing rentals in China with YCloset dashboard.stck.pro/news.php...
11/27/19, 12:13 PM;;0;0;$HNNMY NEW ARTICLE : H&M-backed startup puts bacteria to work in green dyeing process dashboard.stck.pro/news.php...
11/27/19, 12:00 PM;;0;0;Jefferies Financial Group Sets HENNES & MAURIT/ADR Q4 2019 Earnings Estimates at $0.05 EPS. themarketsdaily.com/2019/11... $HNNMY
11/25/19, 10:25 PM;;0;0;$GPS $HNNMY $IDEXY NEW ARTICLE : The Gap's CEO Is Leaving, But He's Leaving Some Problems Behind dashboard.stck.pro/news.php... Get all the latest $GPS related news here : dashboard.stck.pro/news.php...
11/16/19, 09:10 AM;;0;0;HENNES MAURITZ ($HNNMY) current daily volatility is 1.78%, with beta of 0.51 and alpha ofâ€¦ macroaxis.com/invest/market... #stocks #news #wallstreet
11/7/19, 07:53 PM;;0;0;$HNNMY NEW ARTICLE : Re-sale market drives hype around H&M designer collaborations dashboard.stck.pro/news.php...
10/25/19, 11:30 AM;;0;0;$HNNMY New Article : H&M opens new-look small boutique in Berlin, plans more dashboard.stck.pro/news.php...
10/15/19, 06:10 PM;Bullish;0;0;$HNNMY crossed a key trendline on 10/7/2019 suggesting a very bullish signal. Look into it. Do DD and GL!
10/15/19, 09:14 AM;;0;0;$HNNMY - Momentum Event: Relative Strength Index -- expect reversal after the weekend macroaxis.com/invest/Moment...
10/13/19, 03:18 PM;;0;0;$HNNMY - Price Alert: HENNES MAURITZ Cosine Of Price Series indicator suggests reversal in few days macroaxis.com/invest/Math-T...
10/11/19, 01:13 AM;;0;0;Conservative portfolio proposal: HENNES MAURITZ($HNNMY), Firstâ€¦ macroaxis.com/invest/market... #correlations #stocks #stockratings
10/3/19, 05:38 PM;;0;0;$HNNMY - Swap HENNES MAURITZ with V F ($VFC)?. macroaxis.com/invest/market... #portfolio_prospective #better_portfolio #diversify
10/3/19, 04:59 PM;;0;0;$NAKD I think because $HNNMY has been doing good in Europe. that's why $NAKD is doing well too. I'm guessing that there will be reverse split anyway in order to stay on the list. I want to say it will stay around .06 for some time.
10/3/19, 02:13 PM;;0;0;$HNNMY Hennes & Mauritz: Q3 GAAP EPS of SEK2.33.Revenue of SEK62.57B misses by SEK460M. newsfilter.io/articles/henn...
10/3/19, 01:39 PM;;0;0;"$HNNMY Hennes & Mauritz AB rallies after posting profit of 3.9B Swedish kronor in Q3 vs. 3.1B Swedish kronor a year ago. It was the first time in two years that H&M increased quarterly profit. ""The continued development of more full-price sales and r.. newsfilter.io/articles/henn..."
10/3/19, 10:25 AM;;0;0;Strong summer sales makes H&Mâ€™s profit jump 25% $HNNMY #HNNMY marketbeat.com/articles/str...
10/3/19, 01:05 AM;;0;0;"$HNNMY Earnings Call Tomorrow: 3:00 AM EST 
Analyst Rating: Hold 
Webcast: emea.directeventreg.com/reg..."
9/30/19, 10:45 PM;;0;0;Forever 21 bankruptcy reflects teens' new shopping behavior $HNNMY #HNNMY marketbeat.com/articles/for...
9/30/19, 04:21 AM;;0;0;Forever 21 fashion chain files for Chapter 11 bankruptcy $HNNMY #HNNMY marketbeat.com/articles/for...
9/28/19, 01:00 PM;;0;0;Updated correlation matrix for American States($AWR), HENNES MAURITZ($HNNMY),â€¦ macroaxis.com/invest/market... #canada #canadian_equities #CA
9/12/19, 11:04 AM;;0;0;$HNNMY - Strong transformation in Typical Price for HENNES MAURITZ is detected macroaxis.com/invest/Price-...
9/6/19, 11:11 AM;;0;0;H&M stops buying leather from Brazil over Amazon fires $HNNMY #HNNMY marketbeat.com/articles/hm-...
8/28/19, 03:40 PM;Bullish;0;0;$HNNMY There it is
8/28/19, 02:57 PM;;0;0;HENNES & MAURIT/ADR upgraded by Royal Bank of Canada to outperform. marketbeat.com/stocks/OTCMK... $HNNMY
8/27/19, 05:25 PM;Bullish;0;0;$HNNMY Its comin
8/22/19, 01:51 PM;;0;0;Jefferies Financial Group Sets HENNES & MAURIT/ADR Q3 2019 Earnings Estimates at $0.05 EPS. marketbeat.com/x/715519 $HNNMY
8/16/19, 05:31 AM;;0;0;$UNF - Keep Unifirst vs. HENNES MAURITZ ($HNNMY) in the sameâ€¦ macroaxis.com/invest/compar... #portfolio_prospective #better_portfolio #diversify
7/24/19, 05:16 AM;;0;0;$HNNMY - Strong transformation in Median Price for H M is detected macroaxis.com/invest/Price-...
7/11/19, 10:58 PM;;0;0;$HNNMY - Should I favor H M short term?
7/8/19, 06:49 AM;;0;0;$HNNMY - Should I speculate on H M short term? macroaxis.com/invest/market...
6/27/19, 05:18 PM;Bullish;0;0;$HNNMY just the beginning of a long journey north. Another buying opportunity ðŸ§¢
6/26/19, 07:04 AM;;0;0;HENNES & MAURIT/ADR to release earnings before the market opens on Thursday. Analysts expect 0.06 EPS.  $HNNMY https://www.marketbeat.com/p
6/3/19, 07:07 AM;;0;0;Jefferies Financial Group Sets HENNES & MAURIT/ADR Q2 2019 Earnings Estimates at $0.06 EPS. marketbeat.com/x/677244 $HNNMY
5/22/19, 01:36 PM;;0;0;$HNNMY div. rate decreased > 3% (ADR/Hennes & Mauritz AB) dividendinvestor.com/divide...
5/8/19, 04:11 PM;;0;0;HENNES & MAURIT/ADR initiated by BNP Paribas at outperform. marketbeat.com/stocks/OTCMK... $HNNMY
3/29/19, 10:18 AM;;0;0;H&M profit drops, sales go up in India mainly $HNNMY #HNNMY marketbeat.com/articles/hm-...
3/28/19, 06:04 AM;;0;0;HENNES & MAURIT/ADR to release earnings before the market opens on Friday. Analysts expect 0.01 EPS.  $HNNMY marketbeat.com/p/4
3/6/19, 01:48 PM;;0;0;Jefferies Financial Group Sets HENNES & MAURIT/ADR Q1 2019 Earnings Estimates at $0.01 EPS. americanbankingnews.com/201... $HNNMY
2/17/19, 07:44 PM;;0;0;Retailers, fashion brands struggle with racial insensitivity $HNNMY #HNNMY marketbeat.com/articles/ret...
2/13/19, 02:31 PM;;0;0;HENNES & MAURIT/ADR announces Annual dividend of $0.071.  Payable on 5/29/2019. 2.35% Yield.  marketbeat.com/stocks/OTCMK... $HNNMY
2/4/19, 09:58 AM;;0;0;Jefferies Financial Group Sets HENNES & MAURIT/ADR FY2021 Earnings Estimates at $0.19 EPS. marketbeat.com/x/606853 $HNNMY
1/31/19, 10:58 AM;;0;0;H&M profit drops as retailer adapts to more online shopping $HNNMY #HNNMY marketbeat.com/articles/hm-...
1/30/19, 07:04 AM;;0;0;HENNES & MAURIT/ADR to release earnings before the market opens on Thursday. Analysts expect 0.04 EPS.  $HNNMY https://www.marketbeat.com/p
1/9/19, 08:52 AM;;0;0;Bangladesh garment worker protest continues for 4th day $HNNMY #HNNMY marketbeat.com/articles/ban...
1/9/19, 08:12 AM;;0;0;Bangladesh garment workers continue protest for higher wages $HNNMY #HNNMY marketbeat.com/articles/ban...
12/31/18, 10:03 PM;;0;0;BLOCK TRADE (Microcap): $HNNMY 266,265 shares @ $2.74 [15:59:54]
12/12/18, 11:04 PM;;15;0;$HNNMY This one will also be bought out as PACB. Easy parking place for money. ðŸ’°
12/6/18, 01:43 PM;;0;0;Jefferies Financial Group Sets HENNES & MAURIT/ADR Q4 2018 Earnings Estimates at $0.06 EPS. marketbeat.com/x/582107 $HNNMY
10/6/18, 03:29 PM;;0;0;HENNES & MAURIT/ADR announces Annual dividend of $0.071.  Payable on 12/3/2018. 1.93% Yield.  marketbeat.com/stocks/OTCMK... $HNNMY
9/27/18, 10:28 AM;;0;0;$HNNMY sqeeeeeeeeeze
9/18/18, 01:47 PM;;0;0;$HNNMY close increased > 10% (Hennes & Mauritz AB) dividendinvestor.com/divide...
8/23/18, 01:20 PM;;0;0;Jefferies Financial Group Sets HENNES & MAURIT/ADR Q3 2018 Earnings Estimates at $0.04 EPS. marketbeat.com/x/534269 $HNNMY
7/17/18, 07:09 AM;;0;0;Fashion firms upend design routine to focus on speed, trends $HNNMY #HNNMY marketbeat.com/articles/fas...
6/28/18, 02:08 PM;;0;0;$HNNMY reports Q2 results briefing.com/Investor/Popup...
6/1/18, 05:31 PM;;0;0;See the latest #broker #ratings changes briefing.com/investor/calen... $AAL $IP $LXFT $MDGL $NAV $SFL $TTOO $UDR $ABBV $DB $GCO $HNNMY $OC $PERY
6/1/18, 04:15 PM;;0;0;H&M downgraded by Credit Suisse Group to underperform. marketbeat.com/stocks/OTCMK... $HNNMY
5/28/18, 07:07 AM;;0;0;Jefferies Group Sets H&M Q2 2018 Earnings Estimates at $0.06 EPS. wkrb13.com/2018/05/28/resea... $HNNMY
5/25/18, 01:15 PM;;0;0;Jefferies Group Lowers H&M FY2018 Earnings Estimates to $0.20 EPS (Previously $0.21). marketbeat.com/x/493077 $HNNMY
3/27/18, 11:56 AM;;0;1;H&M Q1 profits slump on lower prices and markdowns $HNNMY #HNNMY marketbeat.com/articles/hm-...
3/27/18, 10:56 AM;;0;0;H&M Shares Plunge to 2005 Low as Profits Slump, Inventory Swells $HNNMY thestreet.com/story/1453539...
3/2/18, 05:22 PM;;0;1;$HNNMY The moment to buy has come. Hear me, oh stwtters. The great return is here.
4/8/21, 10:14 PM;;0;0;H & M Hennes & Mauritz AB (publ)'s underperform rating reiterated at Credit Suisse Group AG. marketbeat.com/stocks/OTCMK... $HNNMY
4/6/21, 10:04 PM;;0;0;H & M Hennes & Mauritz AB (publ)'s hold rating reiterated at Berenberg Bank. marketbeat.com/stocks/OTCMK... $HNNMY
4/2/21, 10:59 PM;;0;0;$HNNMY NEW ARTICLE : Chinese authorities tell H&M to change the 'problematic map' stck.pro/news/HNNMY
4/2/21, 10:19 PM;;0;0;$HNNMY NEW ARTICLE : China admonishes H&M over â€˜problematic' map on website stck.pro/news/HNNMY
4/2/21, 01:57 AM;;0;0;$HNNMY NEW ARTICLE : China boycotts Nike and H&M for stand on Uyghur labor camp stck.pro/news/HNNMY
4/1/21, 06:11 PM;;0;0;H & M Hennes & Mauritz AB (publ)'s sector perform rating reiterated at Royal Bank of Canada. marketbeat.com/stocks/OTCMK... $HNNMY
3/31/21, 11:37 PM;;0;0;$HNNMY NEW ARTICLE : H&M Pledges Long-Term Commitment to China After Backlash Over Cotton Decision stck.pro/news/HNNMY
3/31/21, 10:06 PM;;0;0;Useful admissions suggested in $HNNMY earnings call transcript seekingalpha.com/article/44...
3/31/21, 07:13 PM;;0;0;"$HNNMY NEW ARTICLE : Hennes &amp; Mauritz reports Q1 results stck.pro/news/HNNMY"
3/31/21, 06:21 PM;;0;0;$HNNMY NEW ARTICLE : H&M stock price plunges after reporting a quarterly loss stck.pro/news/HNNMY
3/31/21, 01:22 PM;;0;0;$HNNMY NEW ARTICLE : Hennes & Mauritz swings to a loss amid pandemic pressures stck.pro/news/HNNMY
3/31/21, 12:37 PM;;0;0;$HNNMY NEW ARTICLE : H&M swings to a net loss of Â£89 million in the fiscal first quarter stck.pro/news/HNNMY
3/31/21, 09:08 AM;;0;0;$HNNMY NEW ARTICLE : H&M confirms commitment to China after backlash stck.pro/news/HNNMY
3/31/21, 08:27 AM;;0;0;$HNNMY NEW ARTICLE : H&M swings to loss in first-quarter, will not propose dividend at AGM stck.pro/news/HNNMY
3/30/21, 09:07 PM;;0;0;$HNNMY NEW ARTICLE : H&M was wiped from the internet in China, sending a chilling warning to other retailers stck.pro/news/HNNMY
3/29/21, 06:13 PM;;0;0;$HNNMY NEW ARTICLE : How China's Outrage Machine Kicked Up a Storm Over H&M stck.pro/news/HNNMY
3/27/21, 05:49 AM;;0;0;$HNNMY - TA Alert: Price may turn the corner for Hennes Mauritz as On Balance Volume mayâ€¦ macroaxis.com/invest/Volume...
3/26/21, 09:09 PM;;0;0;$HNNMY NEW ARTICLE : H&M being erased from China stck.pro/news/HNNMY
3/26/21, 03:29 PM;;0;0;$HNNMY NEW ARTICLE : H&M erased on Chinese internet over Xinjiang statement stck.pro/news/HNNMY
3/26/21, 02:13 PM;;0;1;"$NKE $HNNMY $ADDYY $GPS 
China would"
3/26/21, 12:37 PM;;0;0;$HNNMY NEW ARTICLE : H&M vanishes from Chinese ride-hailing app Didi after Xinjiang backlash stck.pro/news/HNNMY
3/26/21, 10:13 AM;;0;0;$HNNMY NEW ARTICLE : H&M and Nike stock price analysis after facing calls for boycott in China stck.pro/news/HNNMY
3/26/21, 09:01 AM;;0;0;$HNNMY NEW ARTICLE : H&M and Burberry face backlash in China over Xinjiang statements stck.pro/news/HNNMY
3/26/21, 08:59 AM;;1;1;"H&M and Burberry face backlash in China over Xinjiang statements  $HNNMY $NKE $PVH
newsfilter.io/a/726e133fa5b..."
3/26/21, 05:45 AM;;0;0;$HNNMY NEW ARTICLE : Nike, H&M Face Boycotts in China stck.pro/news/HNNMY
3/26/21, 12:07 AM;Bearish;0;2;$HNNMY Western sanctions against China result in retaliation by China against clothing brands cweb.com/western-sanctions-...
3/25/21, 07:41 PM;;0;0;$HNNMY NEW ARTICLE : Nike and H&M Face China Backlash Over Xinjiang Human-Rights Stance stck.pro/news/HNNMY
3/25/21, 05:42 PM;;0;0;$HNNMY NEW ARTICLE : Nike and H&M face Chinese boycott over Xinjiang cotton comments stck.pro/news/HNNMY
3/25/21, 04:59 PM;;0;0;$HNNMY NEW ARTICLE : H&M, Nike join brands facing boycotts over statements on Xinjiang cotton stck.pro/news/HNNMY
3/25/21, 01:53 PM;;0;0;$HNNMY NEW ARTICLE : H&M gets wiped off major Chinese apps after an old statement about forced labor reappears stck.pro/news/HNNMY
3/25/21, 12:45 PM;;0;0;"$HNNMY $NKE Key News Alert 
H&M, Nike and other Western brands are under fire in China because of their stance on Xinjiang 
This article was first published on Thu Mar 25 2021 7:34am UTC 
Over 8 news items have been published on this topic"
3/25/21, 11:24 AM;;0;0;$HNNMY NEW ARTICLE : Chinese State Media Fuels Backlash Against Nike, H&M And Others Over Xinjiang â€˜Forced Labor' Statements stck.pro/news/HNNMY
3/25/21, 10:43 AM;;0;0;$HNNMY NEW ARTICLE : H&M, Nike and other Western brands are under fire in China because of their stance on Xinjiang stck.pro/news/HNNMY
3/25/21, 08:48 AM;;0;0;$HNNMY NEW ARTICLE : China's commerce ministry hopes firms can correct mistakes amid H&M backlash stck.pro/news/HNNMY/11817564
3/25/21, 08:07 AM;;0;0;$HNNMY NEW ARTICLE : After H&M, more foreign retail brands under fire in China in Xinjiang fallout stck.pro/news/HNNMY
3/25/21, 03:05 AM;;0;0;$HNNMY NEW ARTICLE : H&M removed from Chinese apps over Xinjiang cotton boycott stck.pro/news/HNNMY
3/24/21, 08:55 PM;;0;0;$HNNMY NEW ARTICLE : Chinese Government Attacks H&M Over Statement On Xinjiang Forced Labor: Report stck.pro/news/HNNMY
3/24/21, 03:31 PM;Bullish;0;0;$HNNMY ASXC This is the future of surgery with Senhance. No other competitor has this kind of AI technology. Senhance will be the gold standard for surgery in the upcoming years. Minimum buyout value 2-4b+ ($30-$50 per share).  youtube.com/watch?v=dbCffQH...
3/19/21, 06:36 PM;;0;0;$HNNMY global sell out on recent collab with simone rocha
3/19/21, 06:35 PM;Bullish;0;0;$HNNMY lee x h&m almost sold out
3/19/21, 06:29 PM;Bullish;0;0;$HNNMY simone roche sell out
3/19/21, 06:27 PM;;0;0;$HNNMY anyone in here ðŸ˜‚
3/19/21, 02:14 PM;Bearish;0;0;What are the Hedge Funds going to do now? $HNNMY RSI Indicator left the overbought zone. View odds of downtrend. srnk.us/go/2608334/
3/18/21, 09:18 PM;;0;0;H & M Hennes & Mauritz AB (publ)'s sector perform rating reiterated at Royal Bank of Canada. marketbeat.com/stocks/OTCMK... $HNNMY
3/16/21, 09:19 PM;;0;0;H & M Hennes & Mauritz AB (publ)'s overweight rating reiterated at Barclays PLC. marketbeat.com/stocks/OTCMK... $HNNMY
3/15/21, 10:11 PM;;0;0;Good move or bad move? $HNNMY in +2.99% Uptrend, growing for three consecutive days on March 12, 2021. View odds for this and other indicators: srnk.us/go/2599796
3/15/21, 04:29 PM;;0;0;$HNNMY NEW ARTICLE : Global Apparel Giant H&M Says Sales Snap Back As 80 Pct Of Stores Have Reopened stck.pro/news/HNNMY
3/15/21, 08:53 AM;;0;0;$HNNMY NEW ARTICLE : H&M sales recover in March as stores reopen after lockdown stck.pro/news/HNNMY
3/10/21, 02:51 PM;;0;0;If youâ€™re trading this week, Read This! $HNNMY in +3.2% Uptrend, rising for three consecutive days on March 8, 2021. View odds for this and other indicators: srnk.us/go/2587641/
